{
  "id": "",
  "name": "",
  "font_family": "iconfont",
  "css_prefix_text": "icon-",
  "description": "",
  "glyphs": [
    {
      "icon_id": "514431",
      "name": "广告",
      "font_class": "guanggao",
      "unicode": "e68c",
      "unicode_decimal": 59020
    },
    {
      "icon_id": "2098567",
      "name": "商品",
      "font_class": "shangpin",
      "unicode": "e62e",
      "unicode_decimal": 58926
    },
    {
      "icon_id": "7362454",
      "name": "推荐",
      "font_class": "tuijian",
      "unicode": "e602",
      "unicode_decimal": 58882
    },
    {
      "icon_id": "9730972",
      "name": "商品",
      "font_class": "shangpin1",
      "unicode": "e60a",
      "unicode_decimal": 58890
    },
    {
      "icon_id": "17366204",
      "name": "分类",
      "font_class": "category",
      "unicode": "e504",
      "unicode_decimal": 58628
    },
    {
      "icon_id": "18622175",
      "name": "分类图标",
      "font_class": "leimupinleifenleileibie",
      "unicode": "e501",
      "unicode_decimal": 58625
    }
  ]
}
